哈哈,0
泪,1
~,2
嘻嘻,3
啊,4
都,5
抓狂,6
爱,7
鼓掌,8
…,9
不,10
好,11
怒,12
去,13
衰,14
还,15
晕,16
人,17
太,18
吃,19
说,20
偷笑,21
很,22
!,23
看,24
没,25
想,26
上,27
可爱,28
开心,29
今天,30
大家,31
会,32
没有,33
做,34
心,35
转发,36
微博,37
不是,38
大,39
现在,40
最,41
再,42
喜欢,43
北京,44
中,45
小,46
汗,47
知道,48
真,49
赞,50
谢谢,51
才,52
蜡烛,53
真的,54
＂,55
中国,56
看到,57
给力,58
已经,59
朋友,60
请,61
下,62
一起,63
更,64
月,65
里,66
威武,67
馋嘴,68
good,69
围观,70
走,71
一下,72
哈哈哈,73
一定,74
买,75
不能,76
呵呵,77
快,78
不要,79
后,80
年,81
吃惊,82
D,83
孩子,84
亲亲,85
花心,86
觉得,87
转,88
老师,89
起来,90
失望,91
悲伤,92
感谢,93
时间,94
点,95
真是,96
支持,97
希望,98
终于,99
出来,100
酷,101
明天,102
带,103
找,104
不错,105
欢迎,106
可怜,107
拍,108
这是,109
期待,110
活动,111
发现,112
不会,113
感觉,114
死,115
应该,116
酒店,117
完,118
最后,119
必须,120
看看,121
日,122
只,123
时,124
幸福,125
抱抱,126
美食,127
伤心,128
挖,129
一天,130
关注,131
笑,132
一次,133
新,134
晚上,135
怒骂,136
老,137
以后,138
哼,139
哈,140
好吃,141
鼻屎,142
生活,143
回来,144
天,145
亲,146
快乐,147
照片,148
小时,149
喝,150
很多,151
耶,152
蛋糕,153
回家,154
这种,155
继续,156
感动,157
钱,158
地方,159
问题,160
居然,161
出,162
送,163
滴,164
准备,165
恭喜,166
今晚,167
前,168
其实,169
世界,170
回复,171
手机,172
听,173
工作,174
加油,175
有点,176
求,177
思考,178
分享,179
最近,180
10,181
东西,182
是不是,183
原来,184
推荐,185
上海,186
害羞,187
妈妈,188
旅游,189
需要,190
哭,191
玩,192
事,193
我要,194
非常,195
家,196
每天,197
号,198
美,199
特别,200
写,201
周末,202
睡,203
话,204
话筒,205
问,206
同学,207
两个,208
昨天,209
委屈,210
只能,211
记得,212
却,213
睡觉,214
看来,215
礼物,216
已,217
旅行,218
穿,219
元,220
哎,221
靠,222
鄙视,223
下次,224
生病,225
美女,226
机会,227
逼,228
公司,229
超级,230
味道,231
见,232
木有,233
懂,234
有人,235
节目,236
赶紧,237
刚,238
男人,239
开,240
童鞋,241
兔子,242
儿,243
下午,244
真心,245
可能,246
飞机,247
祝,248
帮,249
所有,250
菜,251
回,252
好好,253
挺,254
突然,255
参加,256
先,257
亲们,258
直接,259
告诉,260
坐,261
不到,262
无,263
看着,264
成,265
今年,266
吃饭,267
可惜,268
心情,269
好像,270
爱心,271
早,272
女人,273
笑哈哈,274
辛苦,275
电话,276
高,277
店,278
小伙伴,279
估计,280
绝对,281
现场,282
不了,283
以为,284
总,285
努力,286
竟然,287
太阳,288
几天,289
饿,290
牛,291
实在,292
发,293
住,294
还要,295
吃货,296
确实,297
电影,298
神马,299
早上,300
上班,301
奥特曼,302
30,303
祝福,304
咖啡,305
几个,306
亲爱,307
一种,308
容易,309
跑,310
收到,311
人生,312
20,313
餐厅,314
美好,315
不用,316
第一次,317
事情,318
注意,319
一点,320
哈哈哈哈,321
美丽,322
永远,323
每次,324
肯定,325
不好,326
到底,327
行,328
车,329
咯,330
找到,331
学习,332
漂亮,333
体验,334
这次,335
肉,336
我家,337
一年,338
一句,339
握手,340
好多,341
享受,342
12,343
越来越,344
生日快乐,345
搞,346
干,347
日本,348
免费,349
女,350
小编,351
不想,352
粉丝,353
过来,354
精彩,355
马上,356
日子,357
微信,358
传递,359
别人,360
天气,361
相信,362
想起,363
....,364
中午,365
站,366
花,367
卖,368
之后,369
一张,370
国家,371
岁,372
最好,373
唉,374
出门,375
成功,376
天天,377
香港,378
好看,379
重要,380
完全,381
故事,382
妈,383
哥,384
路上,385
欢乐,386
美国,387
噢,388
正在,389
_,390
昨晚,391
城市,392
人民,393
之前,394
2013,395
看见,396
..,397
字,398
不行,399
阿,400
总是,401
图,402
尼玛,403
过去,404
难道,405
早安,406
爸爸,407
老板,408
值得,409
就要,410
图片,411
俩,412
姑娘,413
陪,414
视频,415
路,416
男,417
地址,418
疑问,419
情况,420
美味,421
11,422
社会,423
才能,424
服务,425
姐姐,426
出现,427
结束,428
广告,429
分,430
吐,431
衣服,432
第一,433
比较,434
机场,435
适合,436
私信,437
正,438
黑线,439
健康,440
家里,441
黑,442
微,443
2012,444
生命,445
刚刚,446
以前,447
音乐,448
长,449
梦想,450
擦,451
据说,452
加,453
表示,454
里面,455
疯,456
浮云,457
创意,458
儿子,459
获得,460
少,461
台湾,462
喔,463
忙,464
有没有,465
偶,466
成为,467
事儿,468
放,469
想要,470
姐,471
感受,472
选择,473
哼哼,474
够,475
熊猫,476
变成,477
怕,478
兄弟,479
领导,480
喽,481
不敢,482
减肥,483
啊啊啊,484
催,485
名字,486
错过,487
温暖,488
敢,489
老公,490
换,491
忘,492
评论,493
再次,494
当然,495
内,496
脸,497
晚,498
越,499
唱,500
微风,501
生日,502
遇到,503
书,504
声音,505
文化,506
谱,507
认识,508
同事,509
疼,510
坚持,511
弱,512
不同,513
三个,514
心里,515
两天,516
小心,517
一路,518
感冒,519
试试,520
手,521
肿,522
想到,523
狗,524
来自,525
无法,526
还好,527
媒体,528
直播,529
羡慕,530
设计,531
地铁,532
分钟,533
严重,534
一位,535
100,536
抢,537
意思,538
每个,539
猫,540
宝宝,541
爱情,542
傻,543
饭,544
身边,545
水,546
冷,547
晚安,548
今日,549
不知,550
回去,551
鲜花,552
发生,553
新闻,554
厉害,555
本来,556
15,557
版,558
真正,559
超,560
做鬼脸,561
茶,562
算,563
当年,564
惊喜,565
掉,566
假期,567
貌似,568
帅,569
在家,570
早餐,571
倒,572
鸟,573
简单,574
身体,575
胖,576
一只,577
进行,578
经常,579
米,580
作品,581
眼睛,582
我会,583
包,584
要求,585
目前,586
累,587
丢,588
医院,589
参与,590
阳光,591
悲,592
狗狗,593
一条,594
休息,595
明白,596
弄,597
可怕,598
二,599
右,600
建议,601
阴险,602
节奏,603
这位,604
国际,605
提前,606
有木有,607
生,608
简直,609
瞬间,610
讲,611
经典,612
飞,613
浪漫,614
帮忙,615
当时,616
干杯,617
拉,618
最大,619
曾经,620
见到,621
出去,622
广州,623
右边,624
口味,625
产品,626
听说,627
人们,628
三,629
摄影,630
次,631
笑星,632
老婆,633
恨,634
变,635
梦,636
专业,637
度,638
拍照,639
扩散,640
样子,641
个人,642
政府,643
决定,644
加班,645
报名,646
拍摄,647
先生,648
带来,649
戳,650
全,651
今儿,652
下去,653
酒,654
难,655
精神,656
全部,657
宝贝,658
下来,659
父母,660
高兴,661
大师,662
出发,663
张,664
计划,665
下班,666
晒,667
得意,668
提供,669
收,670
青春,671
不够,672
呦,673
成都,674
激动,675
品牌,676
小时候,677
安全,678
忘记,679
一份,680
听到,681
去年,682
一家,683
完美,684
司机,685
起床,686
青年,687
万,688
去过,689
干嘛,690
是否,691
杭州,692
顶,693
旁边,694
办,695
愿意,696
18,697
得到,698
纠结,699
年轻,700
腿,701
嘿嘿,702
为啥,703
全国,704
躺,705
基本,706
伤不起,707
神,708
.....,709
约,710
祝贺,711
瘦,712
方式,713
家人,714
多多,715
之旅,716
面,717
刚才,718
不少,719
头,720
尤其,721
挤眼,722
力,723
冬天,724
差,725
电脑,726
便宜,727
回到,728
女儿,729
不让,730
夏天,731
特,732
##,733
热,734
价格,735
有个,736
^,737
一场,738
老人,739
中奖,740
讨厌,741
晚餐,742
火锅,743
坏,744
过年,745
恐怖,746
明星,747
君,748
组织,749
自然,750
抱,751
错,752
学,753
行动,754
时代,755
即将,756
真相,757
想念,758
00,759
好友,760
联系,761
附近,762
演出,763
婚礼,764
记者,765
骂,766
雪,767
原因,768
看过,769
信息,770
下雨,771
消息,772
进,773
办法,774
一边,775
提醒,776
后面,777
道,778
使用,779
同意,780
鱼,781
多谢,782
开车,783
台,784
特色,785
属于,786
时尚,787
点儿,788
半天,789
帅哥,790
曾,791
回忆,792
影响,793
更好,794
达,795
师傅,796
火,797
后来,798
月亮,799
警察,800
怀念,801
环境,802
哥哥,803
新浪,804
小朋友,805
整个,806
多年,807
鸡,808
自由,809
贴,810
杂志,811
抓,812
猜,813
好玩,814
舒服,815
深圳,816
苹果,817
动物,818
系列,819
安排,820
南京,821
相当,822
结婚,823
依然,824
闹,825
网友,826
了解,827
喵,828
打开,829
厦门,830
明年,831
代表,832
时光,833
等待,834
失眠,835
眼泪,836
理解,837
再也,838
秀,839
电视,840
愉快,841
玫瑰,842
游,843
这张,844
左,845
地笑,846
链接,847
50,848
遗憾,849
堵,850
离开,851
说话,852
医生,853
闭嘴,854
关系,855
国内,856
未来,857
对不起,858
毛,859
是因为,860
帮助,861
学校,862
历史,863
韩国,864
困,865
定制,866
多么,867
大学,868
客人,869
效果,870
上次,871
表情,872
教育,873
速度,874
ok,875
企业,876
帝都,877
大哥,878
呐,879
春节,880
空气,881
表演,882
员工,883
苦,884
重,885
白,886
传说,887
比赛,888
形象,889
担心,890
幸运,891
睡不着,892
一周,893
2014,894
不吃,895
福利,896
两位,897
一把,898
快递,899
没想到,900
某人,901
红,902
观众,903
巧克力,904
女孩,905
喝酒,906
新年,907
棒,908
春天,909
汤,910
那天,911
新鲜,912
全是,913
煮,914
外面,915
市场,916
太有,917
你家,918
抽,919
活,920
PS,921
装,922
方便,923
B,924
13,925
加入,926
泰国,927
些,928
考虑,929
没事,930
一看,931
人类,932
淘宝,933
送给,934
三亚,935
反正,936
高级,937
贵,938
颜色,939
习惯,940
介绍,941
疯狂,942
名,943
美景,944
近,945
来说,946
想想,947
歌,948
肚子,949
猪头,950
主要,951
品尝,952
海鲜,953
保护,954
两,955
美的,956
馋,957
进入,958
风景,959
办公室,960
正常,961
雨,962
彻底,963
半夜,964
唯一,965
打电话,966
头发,967
跳,968
难受,969
香,970
愤怒,971
第一个,972
度假,973
关键,974
阿姨,975
也许,976
传统,977
四个,978
正式,979
天津,980
发展,981
一会儿,982
情人节,983
技术,984
折腾,985
学生,986
排队,987
同样,988
奖品,989
请问,990
一件,991
摄影师,992
长大,993
伟大,994
认为,995
条,996
姐妹,997
不好意思,998
经历,999
大叔,1000
来看,1001
萌,1002
游客,1003
有意思,1004
便,1005
烤,1006
厨房,1007
22,1008
最美,1009
哎呀,1010
额,1011
恩,1012
哒,1013
网络,1014
痛苦,1015
赶快,1016
能够,1017
清新,1018
推出,1019
丫,1020
接受,1021
醒,1022
重庆,1023
妹妹,1024
收藏,1025
爆,1026
票,1027
回覆,1028
病,1029
崩溃,1030
21,1031
块,1032
老妈,1033
不断,1034
内容,1035
左右,1036
风格,1037
打算,1038
优惠,1039
能量,1040
嘴,1041
一生,1042
海南,1043
微博去,1044
合作,1045
放假,1046
一本,1047
假,1048
挂,1049
偷乐,1050
回答,1051
完成,1052
就算,1053
畜生,1054
赢,1055
压力,1056
胖子,1057
猪,1058
这才,1059
亮,1060
女生,1061
团队,1062
感人,1063
相机,1064
身上,1065
子,1066
悲剧,1067
真实,1068
一半,1069
报道,1070
定,1071
放心,1072
公布,1073
通知,1074
编辑,1075
方法,1076
19,1077
游戏,1078
拥有,1079
80,1080
同志,1081
根本,1082
现实,1083
艺术,1084
午餐,1085
最佳,1086
深夜,1087
一个月,1088
文字,1089
愿,1090
下午茶,1091
翻,1092
主人,1093
人性,1094
嗨,1095
留下,1096
感,1097
航班,1098
呆,1099
认真,1100
至少,1101
郁闷,1102
平安,1103
进去,1104
很大,1105
文艺,1106
热情,1107
搭配,1108
难得,1109
24,1110
欺负,1111
啥时候,1112
珍惜,1113
忍不住,1114
用户,1115
家庭,1116
老爸,1117
非,1118
卫视,1119
卡,1120
汽车,1121
项目,1122
证明,1123
跟着,1124
早就,1125
慢慢,1126
中心,1127
周五,1128
早点,1129
果断,1130
粉,1131
围脖,1132
40,1133
算是,1134
主题,1135
造型,1136
明明,1137
收拾,1138
功能,1139
大爷,1140
赶上,1141
房子,1142
欣赏,1143
解决,1144
温馨,1145
每年,1146
心中,1147
喜,1148
负责,1149
14,1150
16,1151
上午,1152
记忆,1153
刺激,1154
光临,1155
周一,1156
一杯,1157
明显,1158
承认,1159
霾,1160
情,1161
教,1162
力量,1163
早晨,1164
新疆,1165
周六,1166
成长,1167
天下,1168
的确,1169
研究,1170
垃圾,1171
神奇,1172
答案,1173
以上,1174
改变,1175
入住,1176
充满,1177
17,1178
哈气,1179
水果,1180
麻烦,1181
不住,1182
解释,1183
公里,1184
说明,1185
详情,1186
哥们,1187
泡,1188
差不多,1189
久,1190
泪流满面,1191
强大,1192
宣传,1193
远,1194
相声,1195
短信,1196
制作,1197
女神,1198
一群,1199
洗,1200
路过,1201
看起来,1202
乱,1203
百度,1204
央视,1205
画,1206
风,1207
配,1208
何以堪,1209
饺子,1210
标准,1211
实现,1212
甜品,1213
意大利,1214
法国,1215
爹,1216
强,1217
不靠,1218
默默,1219
一声,1220
随便,1221
房间,1222
邀请,1223
母亲,1224
坐在,1225
季节,1226
不再,1227
表现,1228
选,1229
圣诞,1230
那种,1231
I,1232
这家,1233
山东,1234
一段,1235
淡定,1236
导演,1237
A,1238
位,1239
嫉妒,1240
网站,1241
超市,1242
食物,1243
未,1244
后悔,1245
放弃,1246
一口,1247
霸气,1248
怪,1249
帮转,1250
丰富,1251
四川,1252
顺利,1253
懒得,1254
逛,1255
差点,1256
快来,1257
妹子,1258
镜头,1259
秒,1260
出差,1261
心疼,1262
加上,1263
价值,1264
明信片,1265
恶心,1266
养,1267
全球,1268
运动,1269
地球,1270
聊,1271
江南style,1272
武汉,1273
所谓,1274
诱惑,1275
三天,1276
做好,1277
收获,1278
低,1279
我来,1280
更加,1281
官方,1282
你好,1283
网上,1284
理,1285
消费,1286
最高,1287
演员,1288
黄,1289
受不了,1290
亮点,1291
不可,1292
内心,1293
快点,1294
炒,1295
这条,1296
播出,1297
无奈,1298
关心,1299
转给,1300
味,1301
算了,1302
一堆,1303
刷,1304
外,1305
星座,1306
奶奶,1307
老大,1308
开业,1309
时刻,1310
包子,1311
不停,1312
还会,1313
状态,1314
活着,1315
取消,1316
老百姓,1317
喊,1318
来到,1319
穿越,1320
搞笑,1321
过程,1322
无聊,1323
满足,1324
接,1325
感恩,1326
发布,1327
理由,1328
网,1329
鸡蛋,1330
金,1331
土豪,1332
小孩,1333
急,1334
位置,1335
楼下,1336
扔,1337
啤酒,1338
专家,1339
杀,1340
痛,1341
雾,1342
一片,1343
攻略,1344
熟悉,1345
出行,1346
城,1347
鼓励,1348
照顾,1349
一会,1350
云南,1351
斤,1352
持续,1353
会员,1354
面包,1355
王,1356
凌晨,1357
合影,1358
前面,1359
一辈子,1360
公园,1361
受,1362
眼神,1363
满意,1364
热闹,1365
老子,1366
不得不,1367
下面,1368
等到,1369
客户,1370
处理,1371
春晚,1372
爷爷,1373
父亲,1374
一块,1375
下周,1376
千万,1377
鸭,1378
系统,1379
英国,1380
门票,1381
顺便,1382
天堂,1383
安慰,1384
道理,1385
尝尝,1386
吹,1387
火车,1388
没法,1389
连续,1390
行业,1391
奔,1392
德国,1393
单身,1394
高速,1395
轻松,1396
门口,1397
好久,1398
狠,1399
25,1400
早起,1401
不起,1402
采访,1403
温泉,1404
口,1405
折,1406
能力,1407
信,1408
面对,1409
操,1410
玩儿,1411
节日快乐,1412
如今,1413
O,1414
签名,1415
十年,1416
营销,1417
存在,1418
拆,1419
N,1420
小姐,1421
牛肉,1422
印象,1423
改,1424
一顿,1425
总结,1426
锅,1427
尝试,1428
大奖,1429
找个,1430
聊天,1431
开会,1432
学会,1433
片子,1434
干净,1435
部分,1436
合适,1437
拳头,1438
曝光,1439
本书,1440
木,1441
十分,1442
主持人,1443
烧,1444
the,1445
呃,1446
做到,1447
记录,1448
月饼,1449
文章,1450
碗,1451
半小时,1452
胃,1453
嘉宾,1454
有趣,1455
黄金,1456
留,1457
再见,1458
最新,1459
麻麻,1460
半个,1461
叔叔,1462
间,1463
带上,1464
紧张,1465
本人,1466
上面,1467
捏,1468
正好,1469
距离,1470
娃,1471
感谢您,1472
共同,1473
吖,1474
聚会,1475
新年快乐,1476
抽奖,1477
睡着,1478
楼,1479
清楚,1480
脚,1481
几乎,1482
厕所,1483
用心,1484
不带,1485
微笑,1486
鞋,1487
最右,1488
瞎,1489
当地,1490
家乡,1491
西藏,1492
停,1493
舞台,1494
旅途,1495
随手,1496
很棒,1497
魅力,1498
无比,1499
污染,1500
一碗,1501
TM,1502
管理,1503
部门,1504
好听,1505
ing,1506
服务员,1507
级,1508
水平,1509
中间,1510
晚点,1511
导致,1512
一遍,1513
迟到,1514
似乎,1515
一大,1516
500,1517
90,1518
光,1519
保持,1520
快快,1521
丽江,1522
节,1523
真想,1524
童年,1525
机票,1526
毁,1527
读,1528
单位,1529
没人,1530
随时,1531
整理,1532
移动,1533
心酸,1534
排,1535
晚饭,1536
一对,1537
门,1538
拒绝,1539
互动,1540
大人,1541
丝,1542
东方,1543
you,1544
广东,1545
购买,1546
意义,1547
依旧,1548
事件,1549
破,1550
一部,1551
残忍,1552
演唱会,1553
奖,1554
人才,1555
组合,1556
高端,1557
英雄,1558
懂得,1559
佩服,1560
令人,1561
浪费,1562
画面,1563
英文,1564
回头,1565
著名,1566
厨师,1567
确定,1568
爬,1569
手套,1570
毕业,1571
季,1572
白天,1573
马,1574
气,1575
好久没,1576
砸,1577
下载,1578
常,1579
200,1580
一颗,1581
行为,1582
套餐,1583
好人,1584
重新,1585
感情,1586
周日,1587
大概,1588
城管,1589
中秋,1590
最终,1591
捧场,1592
岛,1593
变态,1594
无限,1595
需,1596
从来,1597
超过,1598
作者,1599
半,1600
一套,1601
蛋,1602
榴莲,1603
反应,1604
过节,1605
好运,1606
娱乐,1607
几年,1608
兴趣,1609
一人,1610
搭,1611
想法,1612
放在,1613
话题,1614
没错,1615
剩,1616
咔,1617
咬,1618
乐,1619
好消息,1620
一大早,1621
房,1622
挤,1623
我能,1624
包括,1625
这句,1626
欧洲,1627
大片,1628
见面,1629
剩下,1630
预定,1631
语,1632
广场,1633
期间,1634
有空,1635
只好,1636
平时,1637
想象,1638
行程,1639
红色,1640
碎,1641
28,1642
戴,1643
互联网,1644
仍,1645
撞,1646
使,1647
表达,1648
冲动,1649
街,1650
有种,1651
西安,1652
签证,1653
数据,1654
象,1655
名单,1656
食品,1657
∩,1658
有时候,1659
地震,1660
可可,1661
兴奋,1662
几次,1663
难过,1664
打车,1665
店里,1666
到处,1667
想着,1668
面前,1669
拿到,1670
国外,1671
银行,1672
很快,1673
有钱,1674
臭,1675
拼,1676
一道,1677
震惊,1678
喷,1679
景区,1680
爸妈,1681
P,1682
悲哀,1683
满,1684
提示,1685
无敌,1686
到来,1687
同感,1688
封面,1689
消失,1690
骄傲,1691
妞,1692
考试,1693
出租车,1694
主持,1695
有奖,1696
辣,1697
强烈,1698
冠军,1699
派,1700
不见,1701
年代,1702
南方,1703
23,1704
甜,1705
占,1706
い,1707
混,1708
咱俩,1709
苏州,1710
没见,1711
屎,1712
天朝,1713
失败,1714
周,1715
主页,1716
天天向上,1717
天空,1718
大爱,1719
更是,1720
脑子,1721
两年,1722
背,1723
补,1724
微薄,1725
凌乱,1726
坑爹,1727
报,1728
流泪,1729
记住,1730
via,1731
年前,1732
贱,1733
醒来,1734
蛮,1735
hold,1736
to,1737
正宗,1738
自行车,1739
蟹,1740
度过,1741
装修,1742
蚝,1743
可恶,1744
范儿,1745
保证,1746
款,1747
选手,1748
挑战,1749
太好了,1750
60,1751
教授,1752
踩,1753
千万别,1754
称,1755
遇见,1756
到达,1757
妹,1758
山,1759
午饭,1760
帽子,1761
好开心,1762
带给,1763
新加坡,1764
din,1765
印度,1766
精致,1767
贴心,1768
获奖,1769
亲自,1770
团,1771
a,1772
圈,1773
对面,1774
粥,1775
背后,1776
翻译,1777
岁月,1778
上网,1779
惹,1780
自助,1781
不算,1782
天使,1783
唱歌,1784
对方,1785
投票,1786
江西,1787
一眼,1788
仅,1789
咩,1790
V,1791
感到,1792
球,1793
即可,1794
太美,1795
幽默,1796
此刻,1797
善良,1798
虾,1799
意外,1800
油,1801
寻找,1802
目标,1803
无数,1804
嘞,1805
模式,1806
班,1807
烧烤,1808
正确,1809
伤害,1810
课,1811
骗,1812
东北,1813
摔,1814
呜呜,1815
女子,1816
质量,1817
昆明,1818
客气,1819
陪伴,1820
李,1821
货,1822
专门,1823
英语,1824
男生,1825
空调,1826
方向,1827
奇怪,1828
飘过,1829
中文,1830
家长,1831
应,1832
脑袋,1833
今早,1834
片,1835
评价,1836
测试,1837
有时,1838
工作人员,1839
国庆,1840
上市,1841
态度,1842
之间,1843
祈祷,1844
知识,1845
忒,1846
民族,1847
幸好,1848
皮肤,1849
一夜,1850
红包,1851
甜蜜,1852
西班牙,1853
做法,1854
牛奶,1855
无耻,1856
撑,1857
大餐,1858
发烧,1859
做个,1860
更新,1861
C,1862
危险,1863
照相机,1864
智商,1865
云,1866
太多,1867
烤鸭,1868
呵,1869
吓人,1870
神秘,1871
T,1872
型,1873
婺源,1874
真的假,1875
糖,1876
聪明,1877
申请,1878
餐饮,1879
小吃,1880
升级,1881
谢,1882
西瓜,1883
帅气,1884
这帮,1885
到家,1886
段,1887
长得,1888
夜晚,1889
信号,1890
说好,1891
夜,1892
坚强,1893
争取,1894
期,1895
公交,1896
蚊子,1897
顾问,1898
推,1899
多久,1900
出版,1901
姿势,1902
点评,1903
忙碌,1904
难怪,1905
接下来,1906
不得,1907
中枪,1908
大半夜,1909
地图,1910
两次,1911
小区,1912
看不到,1913
和谐,1914
哇塞,1915
电视剧,1916
欢迎您,1917
件,1918
人员,1919
份,1920
到位,1921
人人,1922
坚决,1923
鼻子,1924
优秀,1925
伦敦,1926
相关,1927
尊重,1928
事业,1929
购物,1930
ps,1931
暖,1932
演,1933
四,1934
低调,1935
第一天,1936
大姐,1937
忽然,1938
失去,1939
偷,1940
蹭,1941
上课,1942
新书,1943
平台,1944
大厨,1945
大雨,1946
闺蜜,1947
告知,1948
追,1949
仔细,1950
绿,1951
惨,1952
抵制,1953
穿衣,1954
地区,1955
小米,1956
大赛,1957
版本,1958
心灵,1959
交流,1960
大连,1961
多次,1962
青岛,1963
D,1964
龙虾,1965
皮,1966
儿童,1967
碰到,1968
熊,1969
闺女,1970
羊肉,1971
弟弟,1972
做饭,1973
同行,1974
2011,1975
长假,1976
唔,1977
杯,1978
芒果,1979
早上好,1980
钱包,1981
心理,1982
好美,1983
节日,1984
妈呀,1985
艺术家,1986
人间,1987
推广,1988
震撼,1989
吼吼,1990
撒,1991
草莓,1992
激情,1993
智慧,1994
1000,1995
蓝,1996
良心,1997
礼品,1998
本周,1999
<UNK>,2000
<PAD>,2001
